,t_add,prev,foll,skip,loop,net_trans,net_places,net_nodes,n_nets_found,n_nodes_used,time_finding_nets,time_conf_tran,f1_tran,precision_tran,fitness_tran
0,a,set(),"{'e', 'b'}",False,False,9,13,22,3,5,0.04517460009083152,1.3706104999873787,0.8018735947592881,0.675,0.9874814847221615
2,b,{'a'},{'c'},False,False,8,12,20,2,3,0.11620479996781796,0.9685144999530166,0.8327899018075112,0.72,0.9874814847221615
3,c,{'b'},"{'f', 'd'}",False,False,8,12,20,4,7,0.12738940003328025,1.9501839999575168,0.8327899018075112,0.72,0.9874814847221615
1,e,{'a'},{'f'},False,False,7,10,17,3,5,0.07499290001578629,1.4415068000089377,0.840575294079071,0.725,0.999987500156248
