,t_add,prev,foll,skip,loop,net_trans,net_places,net_nodes,n_nets_found,n_nodes_used,time_finding_nets,time_conf_tran,f1_tran,precision_tran,fitness_tran
0,a,set(),"{'b', 'e'}",False,False,9,13,22,3,5,0.04356709999956365,1.3015878999995039,0.8018735947592881,0.675,0.9874814847221615
2,b,{'a'},{'c'},False,False,8,12,20,2,3,0.019902000000001863,1.0146065000008093,0.8327899018075112,0.72,0.9874814847221615
3,c,{'b'},"{'f', 'd'}",False,False,8,12,20,4,7,0.12469310000051337,1.6504941000002873,0.8327899018075112,0.72,0.9874814847221615
4,d,{'c'},{'h'},False,False,7,10,17,3,5,0.03286610000031942,1.5024223000000347,0.840575294079071,0.725,0.999987500156248
1,e,{'a'},{'f'},False,False,7,10,17,3,5,0.05967349999991711,1.437012300000788,0.840575294079071,0.725,0.999987500156248
5,f,"{'c', 'e'}",{'g'},False,False,7,10,17,3,7,0.09731639999881736,1.344920199999251,0.8731913670725798,0.782608695652174,0.9874876564042949
7,g,{'f'},{'h'},False,False,8,11,19,2,3,0.019425799999226,0.9262276000008569,0.9937013172831703,1.0,0.9874814847221615
6,h,"{'d', 'g'}",set(),False,False,9,13,22,2,5,0.02108570000018517,1.095186200000171,0.82326755587668,0.7058823529411764,0.9874814847221615
